{"stats":{"minecraft:mined":{"minecraft:dark_oak_log":3,"minecraft:dark_oak_leaves":9},"minecraft:custom":{"minecraft:jump":86,"minecraft:time_since_rest":1011,"minecraft:deaths":1,"minecraft:damage_taken":290,"minecraft:leave_game":1,"minecraft:play_time":5932,"minecraft:sprint_one_cm":9791,"minecraft:walk_one_cm":3666,"minecraft:time_since_death":902,"minecraft:total_world_time":5932,"minecraft:fly_one_cm":16131,"minecraft:fall_one_cm":6154,"minecraft:drop":4},"minecraft:picked_up":{"minecraft:dark_oak_sapling":1,"minecraft:dark_oak_log":8},"minecraft:killed_by":{"apollyon:the_damned":1},"minecraft:dropped":{"minecraft:dark_oak_log":5}},"DataVersion":3465}